timestamp_dt,timestamp_timestamp,probability,utcOffset,surf_min,surf_max,surf_optimalScore,surf_plus,surf_humanRelation,surf_raw_min,surf_raw_max,power,swells_0_height,swells_0_period,swells_0_impact,swells_0_power,swells_0_direction,swells_0_directionMin,swells_0_optimalScore,swells_1_height,swells_1_period,swells_1_impact,swells_1_power,swells_1_direction,swells_1_directionMin,swells_1_optimalScore,swells_2_height,swells_2_period,swells_2_impact,swells_2_power,swells_2_direction,swells_2_directionMin,swells_2_optimalScore,swells_3_height,swells_3_period,swells_3_impact,swells_3_power,swells_3_direction,swells_3_directionMin,swells_3_optimalScore,swells_4_height,swells_4_period,swells_4_impact,swells_4_power,swells_4_direction,swells_4_directionMin,swells_4_optimalScore,swells_5_height,swells_5_period,swells_5_impact,swells_5_power,swells_5_direction,swells_5_directionMin,swells_5_optimalScore,speed,direction,directionType,gust,optimalScore,temperature,condition,pressure,spot_name,surf_quality,surf_rating
2024-10-28 07:00:00,1730098800,100.0,-7,2,3,2,False,Thigh to waist,2.23097,3.21522,46.88576,1.90289,9,0.5022,28.24412,285.37,282.375,0,1.5748,11,0.1515,8.70031,215.58,207.705,0,1.01706,18,0.1346,7.9346,219.73,213.415,0,0.36089,8,0.0,0.0,187.05,183.54,0,1.08268,7,0.2117,2.00673,253.82,247.685,0,0.0,0,0.0,0.0,0.0,0.0,0,3.08868,198.5184,Cross-shore,4.08208,2,61.664,NIGHT_MIST,1014,La Jolla Shores,2.5,Fair
2024-10-28 10:00:00,1730109600,96.66666666666669,-7,2,3,2,False,Thigh to waist,2.23097,3.24803,45.85091,1.9685,9,0.5149,28.49076,284.99,281.545,0,1.60761,11,0.114,6.67788,213.77,205.9,0,1.01706,18,0.1369,8.00641,220.39,213.935,0,0.0,0,0.0,0.0,0.0,0.0,0,1.21391,7,0.2343,2.67586,254.91,248.495,0,0.0,0,0.0,0.0,0.0,0.0,0,3.19857,210.88237,Cross-shore,3.88769,2,61.088,NIGHT_MIST,1014,La Jolla Shores,2.5,Fair
2024-10-28 13:00:00,1730120400,100.0,-7,2,3,2,True,Thigh to stomach,2.7231,3.70735,44.76589,2.55906,7,0.3966,25.58048,285.55,282.46500000000003,0,1.47638,11,0.0712,3.44229,212.9,204.82,0,1.01706,17,0.0917,5.26594,220.26,213.445,0,0.45932,11,0.1251,0.59179,289.69,287.905,0,1.87008,8,0.2562,9.36079,257.08,251.155,0,0.52493,13,0.0593,0.5246,223.4,221.03,0,2.61449,157.5664,Offshore,2.91577,2,60.98,NIGHT_DRIZZLE,1015,La Jolla Shores,2.5,Fair
2024-10-28 16:00:00,1730131200,100.0,-7,2,3,2,True,Thigh to stomach,2.69029,3.67454,40.18651,2.65748,7,0.4278,26.07232,286.03,282.35,0,1.34514,11,0.0707,2.7254,213.65,204.955,0,0.98425,17,0.094,4.56385,220.38,212.645,0,0.22966,17,0.1098,0.30227,289.13,287.005,0,1.77165,6,0.2281,5.14783,253.85,246.78,0,0.7874,13,0.0697,1.37484,217.38,213.265,0,4.95756,174.03717,Offshore,6.02592,2,61.988,OVERCAST,1016,La Jolla Shores,2.5,Fair
2024-10-28 19:00:00,1730142000,93.44444444444446,-7,3,4,2,False,Waist to chest,2.91995,3.93701,49.23637,2.98556,7,0.4382,35.29332,285.83,281.37,0,1.24672,10,0.0605,1.87935,213.22,204.825,0,1.04987,16,0.0905,4.79046,219.91,211.92,0,0.32808,17,0.1251,0.68221,289.15,287.025,0,1.9357,6,0.2195,5.20189,251.16,243.635,0,0.82021,13,0.0662,1.38914,218.33,212.735,0,7.84377,263.55532,Onshore,10.108,0,62.74396,MIST,1015,La Jolla Shores,3.0,Fair
2024-10-28 22:00:00,1730152800,87.0,-7,2,3,2,False,Thigh to waist,2.16535,3.14961,103.08063,4.46194,7,0.5264,91.49512,276.67,266.51500000000004,0,1.21391,10,0.0542,1.46778,213.84,205.465,0,1.21391,16,0.0951,6.66379,220.38,211.935,0,0.52493,16,0.1599,2.12907,289.5,287.325,0,0.3937,12,0.1083,0.42181,288.8,286.195,0,0.72178,13,0.056,0.90306,217.46,212.935,0,9.86791,284.42118,Onshore,12.82938,0,61.556,CLEAR,1014,La Jolla Shores,2.5,Fair
2024-10-29 01:00:00,1730163600,48.0,-7,3,4,2,False,Waist to chest,3.28084,3.83858,196.317,5.64304,7,0.6212,179.75864,277.41,266.04,0,1.27953,10,0.0555,1.61707,212.81,206.07,0,1.31234,16,0.1257,10.25598,221.27,212.515,0,0.72178,16,0.1976,4.68531,289.44,287.155,0,0.0,0,0.0,0.0,0.0,0.0,0,0.0,0,0.0,0.0,0.0,0.0,0,10.21872,282.79109,Onshore,12.24623,0,60.242,MOSTLY_CLOUDY,1014,La Jolla Shores,3.0,Fair
2024-10-29 04:00:00,1730174400,83.33333333333334,-7,3,4,2,True,Waist to shoulder,4.19948,4.6916,331.00932,6.59449,8,0.6586,312.81516,279.01,267.58,0,1.08268,10,0.0265,0.53176,210.39,204.33,0,1.47638,16,0.1252,12.83254,220.98,212.235,0,0.85302,14,0.1898,4.82986,289.61,287.595,0,0.0,0,0.0,0.0,0.0,0.0,0,0.0,0,0.0,0.0,0.0,0.0,0,12.53173,280.84912,Onshore,16.91145,0,62.276,NIGHT_LIGHT_RAIN,1014,La Jolla Shores,3.0,Fair
2024-10-29 07:00:00,1730185200,93.33333333333331,-7,5,7,0,False,Head to 2ft overhead,6.29921,6.85696,641.44091,8.2021,9,0.7081,627.48665,280.69,269.605,1,1.01706,9,0.0345,0.54592,210.66,204.41,0,1.44357,16,0.1051,10.15831,220.98,212.205,0,0.7874,14,0.1523,3.25003,289.29,287.045,0,0.0,0,0.0,0.0,0.0,0.0,0,0.0,0,0.0,0.0,0.0,0.0,0,13.70831,293.0547,Onshore,17.49461,0,60.926,NIGHT_OVERCAST,1013,La Jolla Shores,3.5,Fair
2024-10-29 10:00:00,1730196000,96.66666666666669,-7,5,7,0,False,Head to 2ft overhead,6.20079,6.79134,632.67954,8.26772,8,0.71,618.39221,283.38,271.785,1,0.88583,9,0.0192,0.24633,209.12,202.95,0,1.44357,16,0.1048,9.7768,220.84,212.03,0,0.0,0,0.0,0.0,0.0,0.0,0,0.88583,13,0.166,4.2642,289.27,286.92,0,0.0,0,0.0,0.0,0.0,0.0,0,11.82643,296.62231,Onshore,13.21815,0,60.44,NIGHT_DRIZZLE,1013,La Jolla Shores,3.5,Fair
2024-10-29 13:00:00,1730206800,93.33333333333331,-7,4,5,2,False,Chest to head,4.26509,5.28215,418.52901,6.92257,8,0.7073,406.44548,281.64,270.305,2,0.7874,9,0.0195,0.17656,209.32,202.59,0,1.44357,15,0.0933,7.99685,220.48,211.615,0,0.0,0,0.0,0.0,0.0,0.0,0,0.85302,13,0.1799,3.91012,289.68,287.42,0,0.0,0,0.0,0.0,0.0,0.0,0,12.81674,299.29818,Onshore,15.55076,0,59.594,NIGHT_CLOUDY,1014,La Jolla Shores,3.5,Fair
2024-10-29 16:00:00,1730217600,96.66666666666669,-7,4,5,2,False,Chest to head,4.16667,5.18373,370.4845,6.43045,8,0.7085,359.14657,281.13,270.71,2,0.75459,9,0.0195,0.15428,209.22,202.415,0,1.44357,15,0.097,8.06131,219.82,211.175,0,0.0,0,0.0,0.0,0.0,0.0,0,0.7874,13,0.1751,3.12234,289.74,287.435,0,0.0,0,0.0,0.0,0.0,0.0,0,9.92342,321.87353,Onshore,12.24623,0,59.72,CLEAR,1015,La Jolla Shores,3.5,Fair
2024-10-29 19:00:00,1730228400,93.33333333333331,-7,3,4,2,False,Waist to chest,3.24803,4.23228,257.259,5.38058,8,0.695,246.65631,280.95,270.58,1,0.68898,8,0.0198,0.1212,208.14,201.28,0,1.37795,15,0.1035,7.7633,218.94,210.615,0,0.0,0,0.0,0.0,0.0,0.0,0,0.72178,13,0.1817,2.71819,289.45,287.255,0,0.0,0,0.0,0.0,0.0,0.0,0,6.53558,308.16958,Onshore,7.38661,0,60.836,MOSTLY_CLOUDY,1016,La Jolla Shores,3.0,Fair
2024-10-29 22:00:00,1730239200,76.66666666666667,-7,2,3,2,True,Thigh to stomach,2.42782,3.44488,183.62025,4.59318,8,0.6715,172.40038,279.36,268.825,0,0.62336,8,0.0201,0.09645,206.92,199.995,0,1.37795,15,0.1147,8.5334,218.76,210.445,0,0.0,0,0.0,0.0,0.0,0.0,0,0.68898,12,0.1937,2.59002,289.43,287.21,0,0.0,0,0.0,0.0,0.0,0.0,0,8.21471,290.2716,Onshore,8.35853,0,60.65596,CLEAR,1015,La Jolla Shores,2.5,Fair
2024-10-30 01:00:00,1730250000,100.0,-7,2,3,2,False,Thigh to waist,2.23097,3.24803,93.94405,3.5105,8,0.5457,80.24363,286.83,281.265,1,0.62336,8,0.019,0.08831,208.76,200.92,0,1.37795,15,0.1093,8.05418,218.19,210.245,0,1.83727,6,0.2079,5.06202,245.73,236.45,0,0.0,0,0.0,0.0,0.0,0.0,0,0.29528,16,0.118,0.49591,288.61,286.485,0,4.4619,280.8555,Onshore,5.24838,2,61.70004,CLEAR,1015,La Jolla Shores,2.5,Fair
2024-10-30 04:00:00,1730260800,100.0,-7,3,4,2,False,Waist to chest,2.85433,3.87139,75.24562,3.08399,8,0.5164,61.98415,286.17,280.985,1,0.45932,8,0.0345,0.08261,217.7,212.305,0,1.37795,14,0.1121,8.13642,217.51,209.81,0,1.73885,6,0.2032,4.29189,245.64,236.335,0,0.32808,8,0.0,0.0,191.33,187.13,0,0.36089,15,0.1338,0.75055,288.69,286.455,0,1.60891,239.33572,Cross-shore,2.527,2,62.312,NIGHT_CLEAR,1017,La Jolla Shores,3.0,Fair
2024-10-28 07:00:00,1730098800,100.0,-7,3,4,2,False,Waist to chest,3.24738,3.92388,50.05352,2.52625,11,0.0,0.0,201.0,193.39,1,1.80446,9,0.5558,27.98693,288.35,284.605,0,1.5748,18,0.1009,14.24422,216.43,211.15,1,1.5748,7,0.3432,7.82237,261.73,254.46500000000003,0,0.0,0,0.0,0.0,0.0,0.0,0,0.0,0,0.0,0.0,0.0,0.0,0,2.49465,204.62104,Onshore,2.527,2,62.114,NIGHT_MIST,1014,PB,3.0,Fair
2024-10-28 10:00:00,1730109600,96.66666666666669,-7,2,3,2,True,Thigh to stomach,3.05118,3.64173,49.29846,2.49344,11,0.0,0.0,200.94,193.475,1,1.77165,9,0.5126,23.44408,289.68,286.77500000000003,0,1.5748,18,0.0958,13.46309,217.11,211.505,1,1.80446,7,0.3917,12.39129,263.24,256.02,0,0.0,0,0.0,0.0,0.0,0.0,0,0.0,0,0.0,0.0,0.0,0.0,0,3.02987,217.76523,Onshore,3.11015,2,60.872,NIGHT_MIST,1014,PB,2.5,Fair
2024-10-28 13:00:00,1730120400,100.0,-7,3,4,2,False,Waist to chest,3.18241,3.80577,52.73105,2.3622,11,0.0,0.0,200.23,193.02,1,2.23097,7,0.3705,18.06367,291.47,288.665,0,1.50919,17,0.061,7.71309,217.14,211.035,0,2.62467,7,0.3543,24.764,264.09,256.985,0,0.59055,13,0.0402,0.4501,220.0,219.99,0,0.68898,11,0.174,1.74019,291.49,289.665,0,1.69516,152.4558,Cross-shore,2.72138,2,61.106,NIGHT_DRIZZLE,1015,PB,3.0,Fair
2024-10-28 16:00:00,1730131200,100.0,-7,2,3,2,True,Thigh to stomach,2.3622,3.34646,49.38875,2.06693,11,0.0,0.0,196.76,190.165,0,2.46063,7,0.4201,21.82305,293.01,289.595,0,1.50919,17,0.0628,7.15135,215.51,210.125,0,2.55906,7,0.3269,16.84717,262.01,254.055,0,1.1811,13,0.0732,3.1511,218.45,214.34,0,0.26247,17,0.1171,0.41608,291.47,289.69500000000005,0,4.18494,175.60606,Onshore,5.24838,2,61.394,DRIZZLE,1016,PB,2.5,Fair
2024-10-28 19:00:00,1730142000,93.44444444444446,-7,2,3,2,True,Thigh to stomach,2.3622,3.34646,90.38435,2.03412,10,0.0,0.0,197.82,191.035,0,3.9042,7,0.5902,77.41028,277.98,267.75,0,1.64042,16,0.0703,9.08499,215.17,209.9,1,0.36089,17,0.1518,0.99087,291.31,289.62,0,1.01706,13,0.0692,2.26357,219.95,215.535,0,0.32808,17,0.1185,0.63464,266.61,262.95500000000004,0,7.29272,268.12236,Onshore,9.52484,0,62.99596,MIST,1015,PB,2.5,Fair
2024-10-28 22:00:00,1730152800,87.0,-7,2,3,2,True,Thigh to stomach,2.49344,3.47769,145.34118,2.00131,10,0.0,0.0,204.91,198.185,0,4.95407,7,0.62,130.93359,279.07,268.1,0,1.80446,16,0.0669,10.37113,215.17,210.005,1,0.55774,16,0.1814,2.68664,291.77,289.855,0,0.68898,9,0.0,0.0,175.45,172.81,0,0.45932,16,0.1316,1.34982,265.58,261.38,0,9.3548,289.85193,Onshore,12.44061,0,62.024,MOSTLY_CLEAR,1014,PB,2.5,Fair
2024-10-29 01:00:00,1730163600,48.0,-7,4,5,2,False,Chest to head,4.46194,4.88845,229.71245,1.70604,10,0.0,0.0,203.25,196.885,0,6.06955,7,0.6132,209.37108,280.0,267.915,0,2.06693,16,0.0627,12.67453,215.68,210.57,1,0.82021,16,0.2025,6.06757,291.79,289.63500000000005,0,0.72178,9,0.0,0.0,175.88,173.295,0,0.52493,16,0.1216,1.59927,264.75,260.855,0,9.99113,288.06523,Onshore,12.44061,0,60.62,CLEAR,1014,PB,3.5,Fair
2024-10-29 04:00:00,1730174400,83.33333333333334,-7,4,6,2,False,Chest to overhead,4.92126,5.90551,370.1118,1.47638,10,0.0103,0.38671,208.69,203.21,0,7.11942,8,0.6277,350.19155,281.49,269.425,0,2.09974,16,0.0555,11.50631,215.43,210.345,1,0.98425,13,0.1903,6.10735,291.72,289.40500000000003,0,0.98425,11,0.0,0.0,179.46,175.8,0,0.59055,16,0.1162,1.91988,264.92,261.05,0,11.44884,280.99632,Onshore,16.52268,0,62.348,NIGHT_OVERCAST,1014,PB,4.0,Fair
2024-10-29 07:00:00,1730185200,93.33333333333331,-7,6,8,0,False,Overhead to well overhead,7.15223,7.54593,739.70359,1.14829,10,0.0073,0.16106,211.87,207.54,0,8.92388,9,0.6893,723.06271,283.6,271.865,0,2.16535,16,0.0492,10.69957,214.99,209.775,1,0.88583,14,0.1532,4.11358,291.84,289.65,0,1.01706,9,0.0,0.0,181.95,177.635,0,0.59055,16,0.101,1.66667,264.09,260.46,0,12.5974,291.27711,Onshore,19.43845,0,60.926,NIGHT_OVERCAST,1013,PB,4.0,Fair
2024-10-29 10:00:00,1730196000,96.66666666666669,-7,5,7,0,False,Head to 2ft overhead,5.90551,6.88976,459.282,0.95144,9,0.0159,0.22647,212.78,208.29,0,7.38189,8,0.5346,374.75254,298.22,289.74,0,2.16535,16,0.0409,8.54124,214.43,209.37,1,0.98425,13,0.1387,4.4118,291.56,289.54,0,0.95144,9,0.0,0.0,181.49,177.25,0,4.62598,8,0.27,71.34995,255.65,247.935,0,10.87574,300.93651,Onshore,15.74515,0,60.962,NIGHT_DRIZZLE,1013,PB,3.5,Fair
2024-10-29 13:00:00,1730206800,93.33333333333331,-7,4,6,2,False,Chest to overhead,4.98688,6.00394,445.62165,0.7874,9,0.0176,0.16366,213.09,209.3,0,7.4147,8,0.6497,429.37211,285.21,272.92,0,2.13255,15,0.0515,9.60746,213.97,208.855,1,0.91864,13,0.171,4.69588,291.83,289.885,0,0.91864,9,0.0,0.0,182.26,177.61,0,0.59055,16,0.1102,1.78254,265.78,261.94,0,11.66955,304.4564,Cross-shore,19.24407,0,58.784,NIGHT_OVERCAST,1014,PB,4.0,Fair
2024-10-29 16:00:00,1730217600,96.66666666666669,-7,4,6,2,False,Chest to overhead,4.82283,5.8399,424.00896,0.72178,9,0.0063,0.04772,211.52,206.48,0,6.79134,8,0.7247,410.74973,284.16,272.77500000000003,0,1.9357,15,0.0558,8.39456,213.5,208.54,1,0.85302,13,0.1891,4.41745,291.93,289.945,0,0.62336,8,0.0,0.0,181.92,177.915,0,0.7874,12,0.0241,0.3995,212.61,207.18,0,8.69739,318.20737,Cross-shore,12.82938,0,60.26,MOSTLY_CLOUDY,1015,PB,4.0,Fair
2024-10-29 19:00:00,1730228400,93.33333333333331,-7,3,4,2,False,Waist to chest,3.47769,4.06824,295.61404,0.65617,9,0.0066,0.04012,211.16,206.22,0,5.61024,8,0.7228,280.25026,283.21,271.89,0,2.06693,15,0.0667,11.30272,212.98,207.87,1,0.82021,13,0.2039,4.02094,291.97,289.94500000000005,0,0.59055,8,0.0,0.0,181.59,177.755,0,0.49213,10,0.0,0.0,176.51,173.05499999999998,0,6.91711,313.68488,Cross-shore,8.16415,0,60.764,MOSTLY_CLOUDY,1016,PB,3.0,Fair
2024-10-29 22:00:00,1730239200,76.66666666666667,-7,3,4,2,True,Waist to shoulder,3.47769,4.46194,136.91062,0.59055,8,0.0159,0.06931,215.52,210.57,0,3.70735,8,0.4909,81.90723,295.44,289.895,0,2.03412,15,0.058,9.44163,212.85,207.73,1,0.3937,15,0.0948,0.62384,265.63,262.205,0,0.7874,10,0.0,0.0,181.23,176.61999999999998,0,3.08399,9,0.3403,44.86861,260.33,250.94,1,8.23734,293.56531,Onshore,8.35853,0,61.41196,CLEAR,1015,PB,3.0,Fair
2024-10-30 01:00:00,1730250000,100.0,-7,3,4,2,False,Waist to chest,3.44488,4.10105,94.83556,0.45932,8,0.0149,0.03844,217.05,212.9,0,3.1168,8,0.4832,54.08794,294.89,290.305,0,2.03412,15,0.0658,10.58052,212.69,207.54,1,0.32808,16,0.0966,0.46608,265.94,262.47,0,0.7874,10,0.0,0.0,182.25,177.24,0,2.78871,8,0.3395,29.66258,259.54,249.725,0,4.78985,283.66895,Onshore,5.63715,2,61.71804,CLEAR,1015,PB,3.0,Fair
2024-10-30 04:00:00,1730260800,100.0,-7,3,4,2,False,Waist to chest,3.18241,3.80577,74.92523,0.49213,8,0.0269,0.07754,219.42,214.875,0,2.78871,8,0.4701,43.08561,293.6,289.73,0,2.03412,14,0.0232,3.66438,212.3,207.23,1,0.3937,15,0.1373,0.92256,290.62,288.365,0,0.72178,9,0.0,0.0,181.29,176.53,0,2.59186,8,0.3424,27.17514,258.92,249.215,0,1.69056,230.59097,Onshore,2.13823,2,62.078,NIGHT_CLEAR,1017,PB,3.0,Fair
2024-10-28 07:00:00,1730098800,100.0,-7,2,3,2,False,Thigh to waist,2.01739,3.12238,46.89651,1.90289,9,0.2907,16.3492,285.37,282.375,0,1.5748,11,0.2582,14.82786,215.58,207.705,0,1.01706,18,0.2387,14.07124,219.73,213.415,0,0.36089,8,0.0451,0.06235,187.05,183.54,0,1.08268,7,0.1673,1.58586,253.82,247.685,0,0.0,0,0.0,0.0,0.0,0.0,0,3.52958,208.43732,Onshore,5.054,2,62.15,NIGHT_MIST,1014,Del Mar,2.5,Fair
2024-10-28 10:00:00,1730109600,96.66666666666669,-7,2,3,2,True,Thigh to stomach,2.42782,3.41207,48.67009,1.9685,9,0.3038,16.81004,284.99,281.545,0,1.60761,11,0.2602,15.24197,213.77,205.9,0,1.01706,18,0.2473,14.463,220.39,213.935,0,0.0,0,0.0,0.0,0.0,0.0,0,1.21391,7,0.1887,2.15508,254.91,248.495,0,0.0,0,0.0,0.0,0.0,0.0,0,3.91305,225.45075,Onshore,5.054,2,61.538,NIGHT_MIST,1014,Del Mar,2.5,Fair
2024-10-28 13:00:00,1730120400,100.0,-7,2,3,2,True,Thigh to stomach,2.98556,3.54331,44.47172,2.55906,7,0.2529,16.31191,285.55,282.46500000000003,0,1.47638,11,0.1789,8.64925,212.9,204.82,0,1.01706,17,0.1825,10.48019,220.26,213.445,0,0.45932,11,0.0774,0.36614,289.69,287.905,0,1.87008,8,0.2144,7.83354,257.08,251.155,0,0.52493,13,0.0939,0.83069,223.4,221.03,0,3.51051,166.11868,Cross-shore,4.27646,2,60.62,NIGHT_DRIZZLE,1015,Del Mar,2.5,Fair
2024-10-28 16:00:00,1730131200,100.0,-7,2,3,2,True,Thigh to stomach,2.3622,3.37927,38.35454,2.65748,7,0.262,15.96762,286.03,282.35,0,1.34514,11,0.1707,6.58028,213.65,204.955,0,0.98425,17,0.1796,8.71987,220.38,212.645,0,0.22966,17,0.0656,0.18059,289.13,287.005,0,1.77165,6,0.1944,4.38728,253.85,246.78,0,0.7874,13,0.1277,2.5189,217.38,213.265,0,5.7913,174.70497,Cross-shore,7.19223,0,61.682,CLOUDY,1016,Del Mar,2.5,Fair
2024-10-28 19:00:00,1730142000,93.44444444444446,-7,2,3,2,True,Thigh to stomach,2.46063,3.47769,43.96983,2.98556,7,0.2764,22.26169,285.83,281.37,0,1.24672,10,0.1503,4.66887,213.22,204.825,0,1.04987,16,0.1781,9.42742,219.91,211.92,0,0.32808,17,0.0774,0.42209,289.15,287.025,0,1.9357,6,0.1927,4.56676,251.16,243.635,0,0.82021,13,0.125,2.623,218.33,212.735,0,7.59303,257.23739,Onshore,9.33046,0,62.41996,DRIZZLE,1015,Del Mar,2.5,Fair
2024-10-28 22:00:00,1730152800,93.44444444444446,-7,2,3,2,True,Thigh to stomach,2.65748,3.67454,86.65925,4.46194,7,0.378,65.70128,276.67,266.51500000000004,0,1.21391,10,0.1409,3.8157,213.84,205.465,0,1.21391,16,0.1955,13.69895,220.38,211.935,0,0.52493,16,0.1041,1.38609,289.5,287.325,0,0.3937,12,0.0711,0.27692,288.8,286.195,0,0.72178,13,0.1104,1.78031,217.46,212.935,0,9.88596,280.12761,Onshore,12.63499,0,61.754,MOSTLY_CLOUDY,1014,Del Mar,2.5,Fair
2024-10-29 01:00:00,1730163600,69.0,-7,3,4,2,True,Waist to shoulder,3.47769,4.49475,165.52586,5.64304,7,0.4822,139.53576,277.41,266.04,0,1.27953,10,0.1559,4.54236,212.81,206.07,0,1.31234,16,0.2223,18.13767,221.27,212.515,0,0.72178,16,0.1396,3.31007,289.44,287.155,0,0.0,0,0.0,0.0,0.0,0.0,0,0.0,0,0.0,0.0,0.0,0.0,0,10.13305,277.6492,Onshore,11.66307,0,59.9,CLOUDY,1014,Del Mar,3.0,Fair
2024-10-29 04:00:00,1730174400,80.55555555555557,-7,4,5,2,False,Chest to head,4.46194,5.24934,275.23772,6.59449,8,0.5187,246.36687,279.01,267.58,0,1.08268,10,0.1239,2.48622,210.39,204.33,0,1.47638,16,0.2244,23.00017,220.98,212.235,0,0.85302,14,0.133,3.38446,289.61,287.595,0,0.0,0,0.0,0.0,0.0,0.0,0,0.0,0,0.0,0.0,0.0,0.0,0,11.41876,280.72769,Onshore,15.74515,0,61.664,NIGHT_OVERCAST,1013,Del Mar,3.5,Fair
2024-10-29 07:00:00,1730185200,100.0,-7,4,6,2,True,Chest to 1ft overhead,5.41339,6.43045,532.50866,8.2021,9,0.5741,508.74182,280.69,269.605,0,1.01706,9,0.1056,1.67098,210.66,204.41,0,1.44357,16,0.2026,19.58205,220.98,212.205,0,0.7874,14,0.1178,2.51381,289.29,287.045,0,0.0,0,0.0,0.0,0.0,0.0,0,0.0,0,0.0,0.0,0.0,0.0,0,13.09673,293.91897,Onshore,16.91145,0,61.268,NIGHT_OVERCAST,1013,Del Mar,4.0,Fair
2024-10-29 10:00:00,1730196000,96.66666666666669,-7,5,7,0,False,Head to 2ft overhead,6.33202,6.88976,525.74116,8.26772,8,0.5768,502.37835,283.38,271.785,0,0.88583,9,0.0921,1.18162,209.12,202.95,0,1.44357,16,0.2023,18.87258,220.84,212.03,0,0.0,0,0.0,0.0,0.0,0.0,0,0.88583,13,0.1288,3.30861,289.27,286.92,0,0.0,0,0.0,0.0,0.0,0.0,0,10.49645,296.34485,Onshore,13.21815,0,60.602,NIGHT_OVERCAST,1013,Del Mar,3.5,Fair
2024-10-29 13:00:00,1730206800,93.33333333333331,-7,4,6,2,False,Chest to overhead,5.44619,6.06955,343.10855,6.92257,8,0.5579,320.59372,281.64,270.305,0,0.7874,9,0.0905,0.81942,209.32,202.59,0,1.44357,15,0.2197,18.83074,220.48,211.615,0,0.0,0,0.0,0.0,0.0,0.0,0,0.85302,13,0.1318,2.86467,289.68,287.42,0,0.0,0,0.0,0.0,0.0,0.0,0,11.73896,300.18684,Onshore,14.77322,0,60.026,NIGHT_MOSTLY_CLOUDY,1014,Del Mar,4.0,Fair
2024-10-29 16:00:00,1730217600,93.33333333333331,-7,4,6,2,False,Chest to overhead,5.38058,5.80709,303.43336,6.43045,8,0.5555,281.58916,281.13,270.71,0,0.75459,9,0.09,0.71206,209.22,202.415,0,1.44357,15,0.2269,18.85681,219.82,211.175,0,0.0,0,0.0,0.0,0.0,0.0,0,0.7874,13,0.1276,2.27533,289.74,287.435,0,0.0,0,0.0,0.0,0.0,0.0,0,10.18446,324.50866,Cross-shore,12.24623,0,60.944,MOSTLY_CLOUDY,1015,Del Mar,4.0,Fair
2024-10-29 19:00:00,1730228400,53.33333333333334,-7,3,4,2,True,Waist to shoulder,3.47769,4.49475,212.37366,5.38058,8,0.5422,192.42741,280.95,270.58,0,0.68898,8,0.0909,0.5564,208.14,201.28,0,1.37795,15,0.2315,17.3643,218.94,210.615,0,0.0,0,0.0,0.0,0.0,0.0,0,0.72178,13,0.1354,2.02555,289.45,287.255,0,0.0,0,0.0,0.0,0.0,0.0,0,5.94972,304.14074,Onshore,6.80346,0,60.764,CLEAR,1015,Del Mar,3.0,Fair
2024-10-29 22:00:00,1730239200,100.0,-7,3,4,2,False,Waist to chest,3.21522,3.87139,155.60419,4.59318,8,0.5257,134.96781,279.36,268.825,0,0.62336,8,0.0889,0.42658,206.92,199.995,0,1.37795,15,0.2467,18.35387,218.76,210.445,0,0.0,0,0.0,0.0,0.0,0.0,0,0.68898,12,0.1388,1.85593,289.43,287.21,0,0.0,0,0.0,0.0,0.0,0.0,0,8.46354,283.46973,Onshore,8.7473,0,61.14196,CLEAR,1015,Del Mar,3.0,Fair
2024-10-30 01:00:00,1730250000,100.0,-7,2,3,2,True,Thigh to stomach,3.05118,3.64173,79.80216,3.5105,8,0.3857,56.71609,286.83,281.265,0,0.62336,8,0.0828,0.38486,208.76,200.92,0,1.37795,15,0.2313,17.04421,218.19,210.245,0,1.83727,6,0.2182,5.31281,245.73,236.45,0,0.0,0,0.0,0.0,0.0,0.0,0,0.29528,16,0.0819,0.34419,288.61,286.485,0,4.12196,279.01576,Onshore,4.66523,2,62.00604,CLEAR,1015,Del Mar,2.5,Fair
2024-10-30 04:00:00,1730260800,100.0,-7,2,3,2,True,Thigh to stomach,2.46063,3.44488,64.69269,3.08399,8,0.3562,42.75514,286.17,280.985,0,0.45932,8,0.0715,0.1712,217.7,212.305,0,1.37795,14,0.2316,16.80994,217.51,209.81,0,1.73885,6,0.2081,4.39539,245.64,236.335,0,0.32808,8,0.0414,0.04943,191.33,187.13,0,0.36089,15,0.0912,0.51159,288.69,286.455,0,0.94356,235.90159,Onshore,2.13823,2,62.654,NIGHT_CLEAR,1017,Del Mar,2.5,Fair
2024-10-28 07:00:00,1730098800,100.0,-7,2,3,2,False,Thigh to waist,1.69751,2.70604,101.39757,2.52625,11,0.3187,45.68793,201.0,193.39,0,1.80446,9,0.1832,9.22491,288.35,284.605,0,1.5748,18,0.2997,42.30915,216.43,211.15,1,1.5748,7,0.1832,4.17558,261.73,254.46500000000003,0,0.0,0,0.0,0.0,0.0,0.0,0,0.0,0,0.0,0.0,0.0,0.0,0,2.75463,195.3306,Onshore,3.11015,2,61.916,NIGHT_OVERCAST,1014,Tourmaline,2.5,Fair
2024-10-28 10:00:00,1730109600,96.66666666666669,-7,2,3,2,False,Thigh to waist,2.01345,2.99344,98.87724,2.49344,11,0.3113,42.77332,200.94,193.475,0,1.77165,9,0.1762,8.05862,289.68,286.77500000000003,0,1.5748,18,0.2967,41.69622,217.11,211.505,1,1.80446,7,0.2007,6.34908,263.24,256.02,0,0.0,0,0.0,0.0,0.0,0.0,0,0.0,0,0.0,0.0,0.0,0.0,0,3.1403,209.05579,Onshore,3.1403,2,61.052,NIGHT_MOSTLY_CLOUDY,1014,Tourmaline,2.5,Fair
2024-10-28 13:00:00,1730120400,100.0,-7,2,3,2,True,Thigh to stomach,2.69029,3.70735,81.7894,2.3622,11,0.2364,28.62556,200.23,193.02,0,2.23097,7,0.1529,7.45462,291.47,288.665,0,1.50919,17,0.227,28.70281,217.14,211.035,0,2.62467,7,0.218,15.23723,264.09,256.985,0,0.59055,13,0.0937,1.0491,220.0,219.99,0,0.68898,11,0.072,0.72008,291.49,289.665,0,1.99073,154.35265,Onshore,2.13823,2,60.44,NIGHT_DRIZZLE,1015,Tourmaline,2.5,Fair
2024-10-28 16:00:00,1730131200,100.0,-7,2,3,2,True,Thigh to stomach,2.7231,3.70735,69.48705,2.06693,11,0.2054,18.17975,196.76,190.165,0,2.46063,7,0.1515,7.87001,293.01,289.595,0,1.50919,17,0.2239,25.49661,215.51,210.125,0,2.55906,7,0.2086,10.75044,262.01,254.055,0,1.1811,13,0.1631,7.02111,218.45,214.34,0,0.26247,17,0.0476,0.16913,291.47,289.69500000000005,0,4.4845,178.88376,Onshore,5.44277,2,61.718,OVERCAST,1016,Tourmaline,2.5,Fair
2024-10-28 19:00:00,1730142000,93.44444444444446,-7,3,4,2,False,Waist to chest,2.88714,3.9042,88.94125,2.03412,10,0.2124,16.86649,197.82,191.035,0,3.9042,7,0.2658,34.86217,277.98,267.75,0,1.64042,16,0.2442,31.55838,215.17,209.9,1,0.36089,17,0.0595,0.38839,291.31,289.62,0,1.01706,13,0.1498,4.90003,219.95,215.535,0,0.32808,17,0.0683,0.36579,266.61,262.95500000000004,0,7.16705,266.378,Onshore,9.52484,0,63.75196,OVERCAST,1015,Tourmaline,3.0,Fair
2024-10-28 22:00:00,1730152800,87.0,-7,3,4,2,True,Waist to shoulder,3.47769,4.46194,123.09601,2.00131,10,0.2091,15.48334,204.91,198.185,0,4.95407,7,0.309,65.25561,279.07,268.1,0,1.80446,16,0.2574,39.90329,215.17,210.005,1,0.55774,16,0.0781,1.15671,291.77,289.855,0,0.68898,9,0.0627,0.43855,175.45,172.81,0,0.45932,16,0.0837,0.85851,265.58,261.38,0,9.36461,288.94769,Cross-shore,13.8013,0,63.068,MOSTLY_CLEAR,1014,Tourmaline,3.0,Fair
2024-10-29 01:00:00,1730163600,48.0,-7,2,3,2,True,Thigh to stomach,2.3294,3.31365,179.79527,1.70604,10,0.1672,8.80144,203.25,196.885,0,6.06955,7,0.3325,113.52884,280.0,267.915,0,2.06693,16,0.2626,53.08342,215.68,210.57,1,0.82021,16,0.0942,2.82255,291.79,289.63500000000005,0,0.72178,9,0.0594,0.45294,175.88,173.295,0,0.52493,16,0.0841,1.10608,264.75,260.855,0,9.64249,287.28476,Cross-shore,12.05184,0,60.62,MOSTLY_CLOUDY,1014,Tourmaline,2.5,Fair
2024-10-29 04:00:00,1730174400,83.33333333333334,-7,4,5,2,False,Chest to head,4.10105,4.75722,261.68129,1.47638,10,0.1385,5.19995,208.69,203.21,0,7.11942,8,0.3581,199.78269,281.49,269.425,0,2.09974,16,0.2447,50.73142,215.43,210.345,1,0.98425,13,0.0927,2.97505,291.72,289.40500000000003,0,0.98425,11,0.0815,1.59606,179.46,175.8,0,0.59055,16,0.0845,1.39612,264.92,261.05,0,11.27784,280.66231,Cross-shore,16.71707,0,61.52,NIGHT_OVERCAST,1014,Tourmaline,3.5,Fair
2024-10-29 07:00:00,1730185200,93.33333333333331,-7,4,6,2,False,Chest to overhead,5.11811,5.54462,486.38311,1.14829,10,0.109,2.40484,211.87,207.54,0,8.92388,9,0.4064,426.30594,283.6,271.865,0,2.16535,16,0.2432,52.88894,214.99,209.775,1,0.88583,14,0.0836,2.24474,291.84,289.65,0,1.01706,9,0.0757,1.18221,181.95,177.635,0,0.59055,16,0.0822,1.35644,264.09,260.46,0,12.51375,293.15783,Cross-shore,19.24407,0,59.882,NIGHT_OVERCAST,1013,Tourmaline,4.0,Fair
2024-10-29 10:00:00,1730196000,96.66666666666669,-7,4,6,2,False,Chest to overhead,5.28215,5.54462,310.34142,0.95144,9,0.0862,1.2278,212.78,208.29,0,7.38189,8,0.2637,184.85268,298.22,289.74,0,2.16535,16,0.2206,46.06842,214.43,209.37,1,0.98425,13,0.0825,2.62418,291.56,289.54,0,0.95144,9,0.064,0.78302,181.49,177.25,0,4.62598,8,0.283,74.78532,255.65,247.935,0,10.92341,301.741,Cross-shore,17.88338,0,59.918,NIGHT_DRIZZLE,1013,Tourmaline,4.0,Fair
2024-10-29 13:00:00,1730206800,93.33333333333331,-7,3,4,2,True,Waist to shoulder,4.46194,4.6916,311.51265,0.7874,9,0.0891,0.82853,213.09,209.3,0,7.4147,8,0.3894,257.3457,285.21,272.92,0,2.13255,15,0.2592,48.35443,213.97,208.855,1,0.91864,13,0.0947,2.60058,291.83,289.885,0,0.91864,9,0.0764,0.9082,182.26,177.61,0,0.59055,16,0.0912,1.47521,265.78,261.94,0,11.69009,303.58305,Cross-shore,18.8553,0,58.406,NIGHT_OVERCAST,1014,Tourmaline,3.0,Fair
2024-10-29 16:00:00,1730217600,96.66666666666669,-7,3,4,2,True,Waist to shoulder,3.41207,4.42913,267.00288,0.72178,9,0.0865,0.65517,211.52,206.48,0,6.79134,8,0.3946,223.65371,284.16,272.77500000000003,0,1.9357,15,0.255,38.36225,213.5,208.54,1,0.85302,13,0.0952,2.22391,291.93,289.945,0,0.62336,8,0.0581,0.27609,181.92,177.915,0,0.7874,12,0.1105,1.83175,212.61,207.18,0,9.0413,319.482,Cross-shore,12.05184,0,60.35,MOSTLY_CLOUDY,1015,Tourmaline,3.0,Fair
2024-10-29 19:00:00,1730228400,93.33333333333331,-7,2,3,2,True,Thigh to stomach,2.39501,3.37927,204.75686,0.65617,9,0.0896,0.54466,211.16,206.22,0,5.61024,8,0.3885,150.63258,283.21,271.89,0,2.06693,15,0.3013,51.05712,212.98,207.87,1,0.82021,13,0.1013,1.99765,291.97,289.94500000000005,0,0.59055,8,0.0626,0.26698,181.59,177.755,0,0.49213,10,0.0568,0.25787,176.51,173.05499999999998,0,6.99355,312.00888,Cross-shore,7.77538,0,62.6,MOSTLY_CLOUDY,1015,Tourmaline,2.5,Fair
2024-10-29 22:00:00,1730239200,76.66666666666667,-7,2,3,2,False,Thigh to waist,2.26378,3.24803,120.28562,0.59055,8,0.074,0.32257,215.52,210.57,0,3.70735,8,0.228,38.04206,295.44,289.895,0,2.03412,15,0.2687,43.74079,212.85,207.73,1,0.3937,15,0.0722,0.47512,265.63,262.205,0,0.7874,10,0.0774,0.82659,181.23,176.61999999999998,0,3.08399,9,0.2797,36.87849,260.33,250.94,0,8.31696,294.79284,Cross-shore,8.31696,0,64.34596,CLEAR,1015,Tourmaline,2.5,Fair
2024-10-30 01:00:00,1730250000,100.0,-7,2,3,2,True,Thigh to stomach,2.7231,3.74016,96.23293,0.45932,8,0.0667,0.17208,217.05,212.9,0,3.1168,8,0.216,24.17838,294.89,290.305,0,2.03412,15,0.2935,47.19426,212.69,207.54,1,0.32808,16,0.0709,0.34208,265.94,262.47,0,0.7874,10,0.0843,0.87818,182.25,177.24,0,2.78871,8,0.2686,23.46795,259.54,249.725,0,4.54942,283.64954,Cross-shore,5.24838,2,61.19604,CLEAR,1015,Tourmaline,2.5,Fair
2024-10-30 04:00:00,1730260800,100.0,-7,2,3,2,True,Thigh to stomach,2.49344,3.5105,89.06904,0.49213,8,0.074,0.21332,219.42,214.875,0,2.78871,8,0.2088,19.13694,293.6,289.73,0,2.03412,14,0.2991,47.24207,212.3,207.23,1,0.3937,15,0.0677,0.4549,290.62,288.365,0,0.72178,9,0.0813,0.67219,181.29,176.53,0,2.59186,8,0.269,21.34962,258.92,249.215,0,1.74338,233.60738,Onshore,2.13823,2,60.494,NIGHT_CLEAR,1017,Tourmaline,2.5,Fair
2024-10-28 07:00:00,1730098800,100.0,-7,3,4,2,False,Waist to chest,3.29265,4.04298,47.44544,1.90289,9,0.3807,21.41087,285.37,282.375,0,1.5748,11,0.212,12.1747,215.58,207.705,0,1.01706,18,0.2042,12.03748,219.73,213.415,0,0.36089,8,0.0127,0.01756,187.05,183.54,0,1.08268,7,0.1904,1.80483,253.82,247.685,0,0.0,0,0.0,0.0,0.0,0.0,0,3.08868,198.5184,Onshore,4.08208,2,61.664,NIGHT_MIST,1014,Blacks,3.0,Fair
2024-10-28 10:00:00,1730109600,96.66666666666669,-7,3,4,2,False,Waist to chest,3.24803,3.9042,47.65366,1.9685,9,0.38,21.02639,284.99,281.545,0,1.60761,11,0.2127,12.45952,213.77,205.9,0,1.01706,18,0.2022,11.82538,220.39,213.935,0,0.0,0,0.0,0.0,0.0,0.0,0,1.21391,7,0.2051,2.34237,254.91,248.495,0,0.0,0,0.0,0.0,0.0,0.0,0,3.19857,210.88237,Onshore,3.88769,2,61.088,NIGHT_MIST,1014,Blacks,3.0,Fair
2024-10-28 13:00:00,1730120400,100.0,-7,3,4,2,True,Waist to shoulder,3.31365,4.2979,44.48985,2.55906,7,0.3074,19.82713,285.55,282.46500000000003,0,1.47638,11,0.1422,6.87492,212.9,204.82,0,1.01706,17,0.1451,8.33247,220.26,213.445,0,0.45932,11,0.0968,0.45792,289.69,287.905,0,1.87008,8,0.2264,8.27199,257.08,251.155,0,0.52493,13,0.082,0.72542,223.4,221.03,0,2.61449,157.5664,Cross-shore,2.91577,2,60.98,NIGHT_DRIZZLE,1015,Blacks,3.0,Fair
2024-10-28 16:00:00,1730131200,100.0,-7,3,4,2,False,Waist to chest,3.41207,4.10105,39.12244,2.65748,7,0.3247,19.78888,286.03,282.35,0,1.34514,11,0.1382,5.32745,213.65,204.955,0,0.98425,17,0.146,7.08853,220.38,212.645,0,0.22966,17,0.0819,0.22546,289.13,287.005,0,1.77165,6,0.2093,4.72355,253.85,246.78,0,0.7874,13,0.0998,1.96857,217.38,213.265,0,4.95756,174.03717,Cross-shore,6.02592,2,61.988,OVERCAST,1016,Blacks,3.0,Fair
2024-10-28 19:00:00,1730142000,93.44444444444446,-7,3,4,2,True,Waist to shoulder,3.41207,4.39633,45.94807,2.98556,7,0.3378,27.20694,285.83,281.37,0,1.24672,10,0.1201,3.73075,213.22,204.825,0,1.04987,16,0.1431,7.57476,219.91,211.92,0,0.32808,17,0.0952,0.51916,289.15,287.025,0,1.9357,6,0.1987,4.70895,251.16,243.635,0,0.82021,13,0.1052,2.20751,218.33,212.735,0,7.84377,263.55532,Onshore,10.108,0,62.74396,MIST,1015,Blacks,3.0,Fair
2024-10-28 22:00:00,1730152800,93.44444444444446,-7,4,5,2,False,Chest to head,4.36352,5.18373,93.12067,4.46194,7,0.4362,75.81719,276.67,266.51500000000004,0,1.21391,10,0.1114,3.01681,213.84,205.465,0,1.21391,16,0.1557,10.91011,220.38,211.935,0,0.52493,16,0.1264,1.68301,289.5,287.325,0,0.3937,12,0.0862,0.33574,288.8,286.195,0,0.72178,13,0.0842,1.35781,217.46,212.935,0,9.86791,284.42118,Onshore,12.82938,0,61.556,CLEAR,1014,Blacks,3.5,Fair
2024-10-29 01:00:00,1730163600,69.0,-7,4,6,2,False,Chest to overhead,5.18373,5.74147,178.4213,5.64304,7,0.5423,156.92709,277.41,266.04,0,1.27953,10,0.1201,3.49928,212.81,206.07,0,1.31234,16,0.1726,14.0826,221.27,212.515,0,0.72178,16,0.165,3.91233,289.44,287.155,0,0.0,0,0.0,0.0,0.0,0.0,0,0.0,0,0.0,0.0,0.0,0.0,0,10.21872,282.79109,Onshore,12.24623,0,60.242,MOSTLY_CLOUDY,1014,Blacks,4.0,Fair
2024-10-29 04:00:00,1730174400,80.55555555555557,-7,5,7,2,False,Head to 2ft overhead,6.20079,6.85696,299.9673,6.59449,8,0.582,276.43246,279.01,267.58,0,1.08268,10,0.0845,1.6956,210.39,204.33,0,1.47638,16,0.1733,17.76261,220.98,212.235,0,0.85302,14,0.1602,4.07663,289.61,287.595,0,0.0,0,0.0,0.0,0.0,0.0,0,0.0,0,0.0,0.0,0.0,0.0,0,12.53173,280.84912,Onshore,16.91145,0,62.276,NIGHT_LIGHT_RAIN,1014,Blacks,4.5,Good
2024-10-29 07:00:00,1730185200,100.0,-7,6,8,2,False,Overhead to well overhead,7.38189,8.39895,587.41913,8.2021,9,0.6417,568.64593,280.69,269.605,0,1.01706,9,0.0704,1.11398,210.66,204.41,0,1.44357,16,0.1529,14.77836,220.98,212.205,0,0.7874,14,0.135,2.88086,289.29,287.045,0,0.0,0,0.0,0.0,0.0,0.0,0,0.0,0,0.0,0.0,0.0,0.0,0,13.70831,293.0547,Onshore,17.49461,0,60.926,NIGHT_OVERCAST,1013,Blacks,5.0,Good
2024-10-29 10:00:00,1730196000,96.66666666666669,-7,6,8,2,False,Overhead to well overhead,7.25066,8.26772,574.81831,8.26772,8,0.6385,556.1175,283.38,271.785,0,0.88583,9,0.064,0.82111,209.12,202.95,0,1.44357,16,0.1514,14.12412,220.84,212.03,0,0.0,0,0.0,0.0,0.0,0.0,0,0.88583,13,0.1462,3.75558,289.27,286.92,0,0.0,0,0.0,0.0,0.0,0.0,0,11.82643,296.62231,Onshore,13.21815,0,60.44,NIGHT_DRIZZLE,1013,Blacks,5.0,Good
2024-10-29 13:00:00,1730206800,93.33333333333331,-7,6,8,2,False,Overhead to well overhead,6.59449,7.57874,373.34408,6.92257,8,0.6183,355.30219,281.64,270.305,0,0.7874,9,0.0629,0.56952,209.32,202.59,0,1.44357,15,0.1648,14.12519,220.48,211.615,0,0.0,0,0.0,0.0,0.0,0.0,0,0.85302,13,0.154,3.34718,289.68,287.42,0,0.0,0,0.0,0.0,0.0,0.0,0,12.81674,299.29818,Onshore,15.55076,0,59.594,NIGHT_CLOUDY,1014,Blacks,5.0,Good
2024-10-29 16:00:00,1730217600,93.33333333333331,-7,5,7,2,False,Head to 2ft overhead,6.2336,7.25066,330.21195,6.43045,8,0.6172,312.86558,281.13,270.71,0,0.75459,9,0.0627,0.49607,209.22,202.415,0,1.44357,15,0.1707,14.18624,219.82,211.175,0,0.0,0,0.0,0.0,0.0,0.0,0,0.7874,13,0.1494,2.66406,289.74,287.435,0,0.0,0,0.0,0.0,0.0,0.0,0,9.92342,321.87353,Onshore,12.24623,0,59.72,CLEAR,1015,Blacks,4.5,Good
2024-10-29 19:00:00,1730228400,53.33333333333334,-7,4,6,2,False,Chest to overhead,4.6916,5.67585,229.8117,5.38058,8,0.6017,213.54403,280.95,270.58,0,0.68898,8,0.0633,0.38746,208.14,201.28,0,1.37795,15,0.181,13.57641,218.94,210.615,0,0.0,0,0.0,0.0,0.0,0.0,0,0.72178,13,0.154,2.3038,289.45,287.255,0,0.0,0,0.0,0.0,0.0,0.0,0,6.53558,308.16958,Onshore,7.38661,0,60.836,MOSTLY_CLOUDY,1016,Blacks,4.0,Fair
2024-10-29 22:00:00,1730239200,100.0,-7,4,5,2,False,Chest to head,4.00262,5.01969,167.54173,4.59318,8,0.5859,150.42351,279.36,268.825,0,0.62336,8,0.055,0.26391,206.92,199.995,0,1.37795,15,0.1975,14.69351,218.76,210.445,0,0.0,0,0.0,0.0,0.0,0.0,0,0.68898,12,0.1616,2.1608,289.43,287.21,0,0.0,0,0.0,0.0,0.0,0.0,0,8.21471,290.2716,Onshore,8.35853,0,60.65596,CLEAR,1015,Blacks,3.5,Fair
2024-10-30 01:00:00,1730250000,100.0,-7,3,4,2,True,Waist to shoulder,3.37927,4.36352,85.67999,3.5105,8,0.4504,66.23004,286.83,281.265,0,0.62336,8,0.0592,0.27516,208.76,200.92,0,1.37795,15,0.1859,13.69874,218.19,210.245,0,1.83727,6,0.2083,5.07176,245.73,236.45,0,0.0,0,0.0,0.0,0.0,0.0,0,0.29528,16,0.0962,0.40429,288.61,286.485,0,4.4619,280.8555,Onshore,5.24838,2,61.70004,CLEAR,1015,Blacks,3.0,Fair
2024-10-30 04:00:00,1730260800,100.0,-7,3,4,2,False,Waist to chest,3.44488,3.96982,69.74336,3.08399,8,0.4242,50.91726,286.17,280.985,0,0.45932,8,0.0587,0.14055,217.7,212.305,0,1.37795,14,0.1898,13.77603,217.51,209.81,0,1.73885,6,0.2026,4.27922,245.64,236.335,0,0.32808,8,0.0158,0.01886,191.33,187.13,0,0.36089,15,0.109,0.61144,288.69,286.455,0,1.60891,239.33572,Onshore,2.527,2,62.312,NIGHT_CLEAR,1017,Blacks,3.0,Fair
2024-10-28 07:00:00,1730098800,100.0,-7,3,4,0,False,Waist to chest,3.14961,3.77297,79.55888,2.49344,11,0.1673,23.36475,200.45,193.52,0,1.9685,9,0.4146,24.89922,285.67,281.46500000000003,0,1.54199,18,0.2169,29.39083,212.21,206.87,0,1.1811,6,0.2012,1.90408,254.2,247.65,0,0.0,0,0.0,0.0,0.0,0.0,0,0.0,0,0.0,0.0,0.0,0.0,0,2.82056,190.50956,Cross-shore,3.49892,2,61.862,NIGHT_OVERCAST,1014,Horseshoe,2.0,Poor
2024-10-28 10:00:00,1730109600,96.66666666666669,-7,3,4,0,False,Waist to chest,3.14961,3.77297,78.88532,2.42782,11,0.1491,19.42262,200.27,193.505,0,2.03412,9,0.3807,22.39132,285.76,281.12,0,1.5748,18,0.2323,32.60885,212.59,207.105,0,1.41076,7,0.2379,4.46253,258.13,251.045,0,0.0,0,0.0,0.0,0.0,0.0,0,0.0,0,0.0,0.0,0.0,0.0,0,3.10321,205.39308,Onshore,3.69331,2,61.178,NIGHT_MOSTLY_CLOUDY,1014,Horseshoe,2.0,Poor
2024-10-28 13:00:00,1730120400,100.0,-7,2,3,0,True,Thigh to stomach,2.39501,3.41207,76.80584,2.46063,11,0.1298,17.08577,202.17,195.05,0,3.21522,7,0.4218,40.30053,277.97,269.52500000000003,0,1.37795,17,0.1557,16.48765,210.44,204.625,0,1.08268,8,0.1675,2.16111,257.3,253.52,0,0.52493,11,0.1252,0.77078,291.31,289.03000000000003,0,0.0,0,0.0,0.0,0.0,0.0,0,2.23488,155.14408,Cross-shore,2.33261,2,60.566,NIGHT_OVERCAST,1015,Horseshoe,1.5,Poor
2024-10-28 16:00:00,1730131200,100.0,-7,2,3,0,True,Thigh to stomach,2.42782,3.44488,55.90111,2.00131,11,0.0725,6.01595,197.28,190.87,0,2.75591,7,0.3374,21.92183,288.47,284.5,0,1.44357,17,0.1435,14.95099,210.6,205.2,0,2.03412,6,0.2307,6.95116,254.46,247.14,0,1.21391,13,0.1262,5.73865,214.07,209.955,0,0.26247,17,0.0897,0.32253,292.18,289.935,0,4.6048,177.46097,Cross-shore,6.60907,2,62.312,OVERCAST,1016,Horseshoe,1.5,Poor
2024-10-28 19:00:00,1730142000,93.44444444444446,-7,2,3,0,True,Thigh to stomach,3.01837,3.64173,71.06926,1.9685,10,0.0899,6.71182,197.75,191.225,0,3.34646,7,0.3739,39.02653,285.83,279.86,0,1.5748,16,0.1423,16.92704,209.85,204.605,0,1.87008,6,0.1847,3.83955,248.22,240.83,0,1.08268,13,0.1075,3.90047,215.06,211.16,0,0.36089,17,0.1017,0.66385,291.64,289.285,0,7.44668,265.61467,Onshore,9.91361,0,63.24796,OVERCAST,1015,Horseshoe,1.5,Poor
2024-10-28 22:00:00,1730152800,87.0,-7,3,4,0,True,Waist to shoulder,3.24803,4.26509,121.8587,2.06693,10,0.0868,6.78779,201.66,194.41,0,4.85564,7,0.4511,91.25077,278.14,267.31,0,1.73885,16,0.1449,20.83326,209.62,204.46,0,0.3937,16,0.0936,0.70881,261.01,257.04,0,0.49213,12,0.1003,0.64306,290.98,289.135,0,0.52493,16,0.1234,1.63501,292.0,289.6,0,9.63856,286.81356,Onshore,13.99569,0,62.474,CLEAR,1014,Horseshoe,2.0,Poor
2024-10-29 01:00:00,1730163600,48.0,-7,4,5,2,False,Chest to head,4.33071,5.05249,203.43407,1.80446,10,0.0911,5.36481,204.35,197.8,0,6.00394,7,0.4993,165.88036,279.05,267.08,0,1.9357,16,0.1478,26.20364,209.54,204.39,0,0.62336,9,0.0,0.0,176.64,174.22,0,0.49213,16,0.1024,1.19688,261.34,257.395,0,0.82021,16,0.1594,4.78838,291.79,289.47,0,9.94502,285.2287,Onshore,12.05184,0,60.368,MOSTLY_CLOUDY,1014,Horseshoe,3.5,Fair
2024-10-29 04:00:00,1730174400,83.33333333333334,-7,4,6,2,False,Chest to overhead,5.28215,5.61024,335.19549,1.5748,10,0.0598,2.62863,202.11,195.375,0,7.05381,8,0.5417,297.43151,280.53,268.55999999999995,0,2.06693,16,0.1439,28.90846,210.12,204.88,0,0.55774,9,0.0,0.0,175.48,172.89499999999998,0,0.52493,16,0.0992,1.31113,262.12,258.18,0,0.95144,14,0.1555,4.91576,291.44,289.25,0,12.00982,280.66541,Onshore,17.10584,0,61.538,NIGHT_OVERCAST,1014,Horseshoe,4.0,Fair
2024-10-29 07:00:00,1730185200,93.33333333333331,-7,6,8,2,False,Overhead to well overhead,7.18504,7.93963,631.34058,1.11549,10,0.0588,1.24475,211.35,207.21,0,8.79265,9,0.5856,600.566,282.61,270.95500000000004,0,2.03412,16,0.1245,23.8628,209.74,204.59,0,1.01706,9,0.0051,0.08052,183.32,178.945,0,0.52493,16,0.0875,1.16793,260.57,257.025,0,0.98425,13,0.1385,4.41858,291.51,289.485,0,13.22843,293.11582,Onshore,17.30022,0,59.9,NIGHT_OVERCAST,1013,Horseshoe,5.0,Good
2024-10-29 10:00:00,1730196000,96.66666666666669,-7,5,7,2,False,Head to 2ft overhead,6.43045,7.44751,574.68241,0.98425,9,0.0533,0.81595,212.42,208.245,0,8.5958,8,0.5824,545.69261,285.7,273.39,0,2.00131,16,0.1243,22.14547,209.68,204.53,0,0.91864,9,0.0047,0.05386,183.09,178.64,0,0.55774,16,0.0933,1.38696,261.03,257.595,0,0.98425,14,0.1421,4.58756,291.37,289.21500000000003,0,11.53659,299.43125,Onshore,16.91145,0,59.54,NIGHT_OVERCAST,1013,Horseshoe,4.5,Good
2024-10-29 13:00:00,1730206800,93.33333333333331,-7,4,6,2,True,Chest to 1ft overhead,5.38058,6.39764,386.87707,0.75459,9,0.0537,0.45759,212.53,209.005,0,7.28346,8,0.5612,356.99106,284.19,272.115,0,2.06693,15,0.1367,23.8927,209.17,204.085,0,0.88583,9,0.0051,0.05676,183.11,178.55,0,0.49213,16,0.093,1.06838,261.35,257.95000000000005,0,0.95144,13,0.1504,4.41058,291.03,288.445,0,12.37795,300.96766,Onshore,18.8553,0,58.244,NIGHT_OVERCAST,1014,Horseshoe,4.0,Fair
2024-10-29 16:00:00,1730217600,96.66666666666669,-7,4,6,2,False,Chest to overhead,5.24934,6.2336,342.54882,0.68898,9,0.0544,0.37291,213.53,209.58,0,6.66011,8,0.5834,318.00712,283.33,272.2,0,1.87008,15,0.1377,19.28289,208.3,203.235,0,0.82021,8,0.0,0.0,182.11,177.9,0,0.7874,12,0.0706,1.16261,212.65,207.675,0,0.88583,13,0.154,3.72329,291.4,289.11,0,9.67029,320.08871,Onshore,12.44061,0,59.522,MOSTLY_CLOUDY,1015,Horseshoe,4.0,Fair
2024-10-29 19:00:00,1730228400,93.33333333333331,-7,4,5,2,False,Chest to head,4.49475,5.479,257.58066,0.65617,9,0.0536,0.32731,211.1,206.195,0,5.51181,8,0.6059,226.75411,282.59,271.525,0,2.00131,15,0.1718,27.21951,208.41,203.35,0,0.55774,8,0.0,0.0,182.1,178.42,0,0.42651,10,0.0,0.0,177.42,173.92999999999998,0,0.82021,13,0.1687,3.27973,291.36,289.055,0,6.89889,310.13692,Onshore,7.581,0,63.338,MOSTLY_CLOUDY,1015,Horseshoe,3.5,Fair
2024-10-29 22:00:00,1730239200,76.66666666666667,-7,4,5,2,False,Chest to head,4.23228,5.05249,187.42176,0.55774,8,0.0575,0.22682,217.25,213.29,0,4.6916,8,0.5826,156.43762,280.7,269.63,0,1.9685,15,0.1838,27.98286,208.5,203.335,0,0.65617,8,0.0055,0.02931,186.36,181.59,0,0.3937,10,0.0,0.0,176.19,173.11,0,0.75459,12,0.1706,2.74515,291.16,288.8,0,8.27299,293.45766,Onshore,8.27299,0,63.87796,CLEAR,1015,Horseshoe,3.5,Fair
2024-10-30 01:00:00,1730250000,100.0,-7,2,3,0,True,Thigh to stomach,3.01837,3.60892,132.10444,0.49213,8,0.0529,0.15706,217.21,213.075,0,4.10105,8,0.5296,102.37668,279.3,268.21000000000004,0,1.9685,15,0.1867,28.07692,208.4,203.285,0,0.72178,10,0.0065,0.05725,182.73,177.99499999999998,0,0.32808,15,0.0974,0.43582,262.17,258.21000000000004,0,0.42651,15,0.1269,1.00071,291.52,289.12,0,4.51274,282.74843,Onshore,5.24838,2,60.99804,CLEAR,1015,Horseshoe,1.5,Poor
2024-10-30 04:00:00,1730260800,100.0,-7,3,4,0,False,Waist to chest,3.31365,3.96982,127.47532,0.45932,8,0.0652,0.16292,218.29,214.005,0,3.70735,8,0.5778,94.29171,277.71,266.73,0,1.9685,14,0.2168,32.0694,208.38,203.275,0,0.68898,9,0.0,0.0,182.2,177.54999999999998,0,0.0,0,0.0,0.0,0.0,0.0,0,0.3937,15,0.1403,0.95129,291.34,289.03,0,1.6789,239.20946,Onshore,2.13823,2,60.386,NIGHT_CLEAR,1017,Horseshoe,2.0,Poor
2024-10-28 07:00:00,1730098800,100.0,-7,3,4,2,False,Waist to chest,3.04659,3.88091,91.01179,2.49344,11,0.2517,35.15187,200.45,193.52,0,1.9685,9,0.3184,19.12183,285.67,281.46500000000003,0,1.54199,18,0.2592,35.12265,212.21,206.87,1,1.1811,6,0.1707,1.61544,254.2,247.65,0,0.0,0,0.0,0.0,0.0,0.0,0,0.0,0,0.0,0.0,0.0,0.0,0,2.82056,190.50956,Cross-shore,3.49892,2,61.862,NIGHT_OVERCAST,1014,Windansea,3.0,Fair
2024-10-28 10:00:00,1730109600,96.66666666666669,-7,3,4,2,False,Waist to chest,3.14961,3.77297,88.86804,2.42782,11,0.2303,30.00019,200.27,193.505,0,2.03412,9,0.3003,17.6625,285.76,281.12,0,1.5748,18,0.2664,37.3956,212.59,207.105,1,1.41076,7,0.2031,3.80975,258.13,251.045,0,0.0,0,0.0,0.0,0.0,0.0,0,0.0,0,0.0,0.0,0.0,0.0,0,3.10321,205.39308,Onshore,3.69331,2,61.178,NIGHT_MOSTLY_CLOUDY,1014,Windansea,3.0,Fair
2024-10-28 13:00:00,1730120400,100.0,-7,2,3,2,True,Thigh to stomach,2.39501,3.41207,83.64254,2.46063,11,0.2063,27.15558,202.17,195.05,0,3.21522,7,0.3468,33.13472,277.97,269.52500000000003,0,1.37795,17,0.1964,20.79753,210.44,204.625,0,1.08268,8,0.1501,1.93661,257.3,253.52,0,0.52493,11,0.1004,0.6181,291.31,289.03000000000003,0,0.0,0,0.0,0.0,0.0,0.0,0,2.23488,155.14408,Cross-shore,2.33261,2,60.566,NIGHT_OVERCAST,1015,Windansea,2.5,Fair
2024-10-28 16:00:00,1730131200,100.0,-7,2,3,2,True,Thigh to stomach,2.42782,3.44488,60.13001,2.00131,11,0.1378,11.43445,197.28,190.87,0,2.75591,7,0.2645,17.18531,288.47,284.5,0,1.44357,17,0.1777,18.51422,210.6,205.2,0,2.03412,6,0.2026,6.10448,254.46,247.14,0,1.21391,13,0.1459,6.63446,214.07,209.955,0,0.26247,17,0.0715,0.25709,292.18,289.935,0,4.6048,177.46097,Cross-shore,6.60907,2,62.312,OVERCAST,1016,Windansea,2.5,Fair
2024-10-28 19:00:00,1730142000,93.44444444444446,-7,2,3,2,True,Thigh to stomach,3.01837,3.64173,72.06347,1.9685,10,0.1422,10.61648,197.75,191.225,0,3.34646,7,0.302,31.52183,285.83,279.86,0,1.5748,16,0.1791,21.30452,209.85,204.605,0,1.87008,6,0.1685,3.50279,248.22,240.83,0,1.08268,13,0.1263,4.5826,215.06,211.16,0,0.36089,17,0.082,0.53525,291.64,289.285,0,7.44668,265.61467,Onshore,9.91361,0,63.24796,OVERCAST,1015,Windansea,2.5,Fair
2024-10-28 22:00:00,1730152800,87.0,-7,3,4,2,True,Waist to shoulder,3.24803,4.26509,120.05525,2.06693,10,0.1445,11.29995,201.66,194.41,0,4.85564,7,0.3885,78.58772,278.14,267.31,0,1.73885,16,0.1919,27.59077,209.62,204.46,1,0.3937,16,0.0865,0.65504,261.01,257.04,0,0.49213,12,0.0842,0.53983,290.98,289.135,0,0.52493,16,0.1043,1.38194,292.0,289.6,0,9.63856,286.81356,Onshore,13.99569,0,62.474,CLEAR,1014,Windansea,3.0,Fair
2024-10-29 01:00:00,1730163600,48.0,-7,4,5,2,False,Chest to head,4.33071,5.05249,189.51392,1.80446,10,0.132,7.77338,204.35,197.8,0,6.00394,7,0.4275,142.02655,279.05,267.08,0,1.9357,16,0.1946,34.50086,209.54,204.39,1,0.62336,9,0.0183,0.10408,176.64,174.22,0,0.49213,16,0.094,1.0987,261.34,257.395,0,0.82021,16,0.1335,4.01035,291.79,289.47,0,9.94502,285.2287,Onshore,12.05184,0,60.368,MOSTLY_CLOUDY,1014,Windansea,3.5,Fair
2024-10-29 04:00:00,1730174400,83.33333333333334,-7,4,6,2,False,Chest to overhead,5.28215,5.61024,305.86451,1.5748,10,0.1,4.3957,202.11,195.375,0,7.05381,8,0.469,257.51408,280.53,268.55999999999995,0,2.06693,16,0.1917,38.51114,210.12,204.88,1,0.55774,9,0.0158,0.07372,175.48,172.89499999999998,0,0.52493,16,0.092,1.21597,262.12,258.18,0,0.95144,14,0.1314,4.1539,291.44,289.25,0,12.00982,280.66541,Onshore,17.10584,0,61.538,NIGHT_OVERCAST,1014,Windansea,4.0,Fair
2024-10-29 07:00:00,1730185200,93.33333333333331,-7,6,8,2,False,Overhead to well overhead,7.18504,7.93963,562.44295,1.11549,10,0.08,1.69353,211.35,207.21,0,8.79265,9,0.5098,522.8288,282.61,270.95500000000004,0,2.03412,16,0.169,32.39207,209.74,204.59,1,1.01706,9,0.0393,0.62051,183.32,178.945,0,0.52493,16,0.0828,1.10519,260.57,257.025,0,0.98425,13,0.1192,3.80285,291.51,289.485,0,13.22843,293.11582,Onshore,17.30022,0,59.9,NIGHT_OVERCAST,1013,Windansea,5.0,Good
2024-10-29 10:00:00,1730196000,96.66666666666669,-7,5,7,2,False,Head to 2ft overhead,6.43045,7.44751,514.60684,0.98425,9,0.0729,1.11599,212.42,208.245,0,8.5958,8,0.5097,477.57473,285.7,273.39,0,2.00131,16,0.1696,30.21618,209.68,204.53,1,0.91864,9,0.0361,0.41365,183.09,178.64,0,0.55774,16,0.0887,1.31858,261.03,257.595,0,0.98425,14,0.1229,3.96771,291.37,289.21500000000003,0,11.53659,299.43125,Onshore,16.91145,0,59.54,NIGHT_OVERCAST,1013,Windansea,4.5,Good
2024-10-29 13:00:00,1730206800,93.33333333333331,-7,4,6,2,True,Chest to 1ft overhead,5.38058,6.39764,349.59117,0.75459,9,0.0681,0.5803,212.53,209.005,0,7.28346,8,0.4893,311.25397,284.19,272.115,0,2.06693,15,0.186,32.50946,209.17,204.085,1,0.88583,9,0.0388,0.43181,183.11,178.55,0,0.49213,16,0.0881,1.01209,261.35,257.95000000000005,0,0.95144,13,0.1297,3.80354,291.03,288.445,0,12.37795,300.96766,Onshore,18.8553,0,58.244,NIGHT_OVERCAST,1014,Windansea,4.0,Fair
2024-10-29 16:00:00,1730217600,96.66666666666669,-7,4,6,2,False,Chest to overhead,5.24934,6.2336,303.35389,0.68898,9,0.0678,0.46477,213.53,209.58,0,6.66011,8,0.4995,272.27383,283.33,272.2,0,1.87008,15,0.1839,25.75253,208.3,203.235,1,0.82021,8,0.0305,0.26333,182.11,177.9,0,0.7874,12,0.088,1.44914,212.65,207.675,0,0.88583,13,0.1303,3.15029,291.4,289.11,0,9.67029,320.08871,Onshore,12.44061,0,59.522,MOSTLY_CLOUDY,1015,Windansea,4.0,Fair
2024-10-29 19:00:00,1730228400,93.33333333333331,-7,4,5,2,False,Chest to head,4.49475,5.479,232.27007,0.65617,9,0.0713,0.43539,211.1,206.195,0,5.51181,8,0.5152,192.81023,282.59,271.525,0,2.00131,15,0.2279,36.10784,208.41,203.35,1,0.55774,8,0.0263,0.10029,182.1,178.42,0,0.42651,10,0.0175,0.05956,177.42,173.92999999999998,0,0.82021,13,0.1418,2.75676,291.36,289.055,0,6.89889,310.13692,Onshore,7.581,0,63.338,MOSTLY_CLOUDY,1015,Windansea,3.5,Fair
2024-10-29 22:00:00,1730239200,76.66666666666667,-7,4,5,2,False,Chest to head,4.23228,5.05249,171.50694,0.55774,8,0.0698,0.27535,217.25,213.29,0,4.6916,8,0.4926,132.27115,280.7,269.63,0,1.9685,15,0.2393,36.43253,208.5,203.335,1,0.65617,8,0.0399,0.21266,186.36,181.59,0,0.3937,10,0.0177,0.05123,176.19,173.11,0,0.75459,12,0.1407,2.26402,291.16,288.8,0,8.27299,293.45766,Onshore,8.27299,0,63.87796,CLEAR,1015,Windansea,3.5,Fair
2024-10-30 01:00:00,1730250000,100.0,-7,2,3,2,True,Thigh to stomach,3.01837,3.60892,125.44753,0.49213,8,0.0645,0.1915,217.21,213.075,0,4.10105,8,0.4496,86.91192,279.3,268.21000000000004,0,1.9685,15,0.244,36.69399,208.4,203.285,1,0.72178,10,0.0477,0.42015,182.73,177.99499999999998,0,0.32808,15,0.0886,0.39644,262.17,258.21000000000004,0,0.42651,15,0.1057,0.83353,291.52,289.12,0,4.51274,282.74843,Onshore,5.24838,2,60.99804,CLEAR,1015,Windansea,2.5,Fair
2024-10-30 04:00:00,1730260800,100.0,-7,3,4,2,False,Waist to chest,3.31365,3.96982,122.33993,0.45932,8,0.0745,0.18615,218.29,214.005,0,3.70735,8,0.4869,79.45766,277.71,266.73,0,1.9685,14,0.2813,41.61035,208.38,203.275,1,0.68898,9,0.0413,0.29924,182.2,177.54999999999998,0,0.0,0,0.0,0.0,0.0,0.0,0,0.3937,15,0.116,0.78653,291.34,289.03,0,1.6789,239.20946,Onshore,2.13823,2,60.386,NIGHT_CLEAR,1017,Windansea,3.0,Fair
